id_venda,id_cliente,id_produto,quantidade,data_venda,preco_unitario,valor_total
1,134,5,3,2025-03-26,800,2400
2,103,3,5,2025-01-20,250,1250
3,65,3,5,2025-01-06,250,1250
4,132,3,1,2025-05-22,250,250
5,14,2,1,2025-02-11,2000,2000
6,21,3,3,2025-02-18,250,750
7,65,2,1,2025-04-26,2000,2000
8,23,5,1,2025-01-13,800,800
9,44,2,2,2025-03-24,2000,4000
10,188,1,1,2025-05-11,3500,3500
11,37,3,4,2025-04-21,250,1000
12,29,3,2,2024-12-23,250,500
13,16,1,1,2025-05-16,3500,3500
14,143,5,2,2025-03-16,800,1600
15,199,2,1,2024-12-28,2000,2000
16,126,5,4,2024-12-02,800,3200
17,71,4,3,2025-02-20,150,450
18,199,5,4,2024-12-13,800,3200
19,17,3,2,2025-05-17,250,500
20,154,2,5,2025-04-05,2000,10000
21,13,1,2,2025-05-06,3500,7000
22,90,4,3,2025-05-09,150,450
23,187,2,2,2024-12-07,2000,4000
24,35,4,2,2025-05-20,150,300
25,166,4,3,2025-02-07,150,450
26,163,2,1,2024-12-31,2000,2000
27,192,2,1,2025-03-21,2000,2000
28,197,2,1,2025-01-08,2000,2000
29,78,5,2,2025-02-17,800,1600
30,17,2,5,2025-04-08,2000,10000
31,136,4,4,2025-02-02,150,600
32,54,1,5,2025-04-14,3500,17500
33,138,5,5,2024-12-31,800,4000
34,66,2,1,2025-01-31,2000,2000
35,157,5,3,2025-03-07,800,2400
36,150,2,5,2024-12-02,2000,10000
37,190,5,2,2025-02-05,800,1600
38,166,4,5,2025-04-28,150,750
39,121,1,5,2025-03-07,3500,17500
40,48,4,2,2025-04-19,150,300
41,187,2,4,2025-05-15,2000,8000
42,73,2,4,2025-02-07,2000,8000
43,186,3,4,2025-04-02,250,1000
44,42,1,2,2024-12-18,3500,7000
45,171,1,5,2025-04-19,3500,17500
46,141,4,4,2025-05-08,150,600
47,95,1,2,2025-01-13,3500,7000
48,168,2,3,2025-02-24,2000,6000
49,144,3,2,2025-01-01,250,500
50,60,1,1,2024-12-08,3500,3500
51,150,5,5,2025-04-17,800,4000
52,78,5,5,2025-02-23,800,4000
53,55,4,5,2025-04-24,150,750
54,174,1,3,2025-04-23,3500,10500
55,111,2,2,2025-03-12,2000,4000
56,24,1,3,2025-02-04,3500,10500
57,173,3,5,2025-03-02,250,1250
58,54,5,2,2025-02-12,800,1600
59,40,4,1,2025-05-07,150,150
60,14,2,2,2025-03-10,2000,4000
61,146,1,5,2024-12-26,3500,17500
62,58,3,4,2025-02-24,250,1000
63,137,2,4,2024-12-10,2000,8000
64,56,1,2,2024-12-27,3500,7000
65,80,4,5,2025-03-24,150,750
66,188,3,5,2025-01-17,250,1250
67,187,5,4,2025-02-12,800,3200
68,90,5,2,2024-11-27,800,1600
69,9,5,5,2025-04-25,800,4000
70,130,4,1,2025-03-05,150,150
71,170,4,1,2025-04-29,150,150
72,167,5,4,2025-04-28,800,3200
73,164,5,4,2025-02-15,800,3200
74,52,3,3,2025-02-17,250,750
75,39,3,1,2025-02-10,250,250
76,103,4,1,2025-05-25,150,150
77,82,3,2,2025-02-15,250,500
78,60,2,3,2025-01-25,2000,6000
79,62,2,2,2025-04-18,2000,4000
80,190,1,2,2024-12-20,3500,7000
81,30,5,1,2025-04-06,800,800
82,170,3,3,2025-03-21,250,750
83,169,2,3,2025-05-04,2000,6000
84,7,2,5,2025-04-21,2000,10000
85,102,5,2,2025-01-05,800,1600
86,64,5,2,2025-01-23,800,1600
87,14,2,5,2025-04-22,2000,10000
88,2,5,2,2025-02-17,800,1600
89,130,3,2,2025-01-24,250,500
90,135,2,3,2024-12-02,2000,6000
91,148,3,5,2025-05-20,250,1250
92,167,2,4,2025-02-08,2000,8000
93,94,5,3,2025-04-15,800,2400
94,120,4,4,2025-02-17,150,600
95,91,5,3,2025-02-15,800,2400
96,114,1,5,2025-04-29,3500,17500
97,176,2,3,2025-03-12,2000,6000
98,69,3,1,2025-01-17,250,250
99,30,5,5,2024-12-21,800,4000
100,122,5,1,2025-05-10,800,800
101,104,1,2,2025-04-18,3500,7000
102,96,1,4,2025-01-23,3500,14000
103,131,3,1,2025-03-21,250,250
104,117,3,1,2024-12-01,250,250
105,88,4,4,2024-12-06,150,600
106,190,4,1,2025-02-24,150,150
107,120,2,4,2025-02-14,2000,8000
108,157,1,4,2024-12-24,3500,14000
109,59,2,4,2025-02-08,2000,8000
110,162,5,3,2025-02-08,800,2400
111,1,5,2,2025-01-17,800,1600
112,12,2,3,2025-02-12,2000,6000
113,15,3,3,2025-03-08,250,750
114,38,4,4,2025-02-04,150,600
115,133,3,1,2024-12-16,250,250
116,1,2,4,2025-03-30,2000,8000
117,66,3,1,2024-12-05,250,250
118,68,3,1,2025-01-20,250,250
119,31,1,5,2025-02-07,3500,17500
120,25,5,1,2024-12-16,800,800
121,200,2,5,2025-02-05,2000,10000
122,175,5,4,2025-02-05,800,3200
123,187,1,3,2024-12-15,3500,10500
124,45,2,5,2025-04-14,2000,10000
125,104,2,2,2025-02-20,2000,4000
126,6,1,4,2025-05-22,3500,14000
127,200,1,1,2025-05-26,3500,3500
128,167,3,5,2025-01-17,250,1250
129,113,1,1,2024-12-23,3500,3500
130,71,5,4,2025-04-13,800,3200
131,27,4,3,2025-03-10,150,450
132,125,1,5,2025-05-15,3500,17500
133,179,1,5,2025-03-31,3500,17500
134,59,1,5,2025-03-31,3500,17500
135,95,2,2,2025-05-25,2000,4000
136,101,4,5,2025-04-30,150,750
137,122,1,3,2025-04-21,3500,10500
138,192,5,2,2025-04-23,800,1600
139,85,1,1,2025-04-06,3500,3500
140,109,4,2,2024-12-08,150,300
141,101,4,5,2025-01-20,150,750
142,194,3,2,2025-02-08,250,500
143,75,2,4,2025-01-08,2000,8000
144,57,1,5,2025-03-02,3500,17500
145,3,1,2,2025-05-27,3500,7000
146,54,5,1,2024-12-23,800,800
147,36,1,5,2024-12-23,3500,17500
148,99,1,5,2025-01-05,3500,17500
149,82,2,3,2025-04-10,2000,6000
150,75,5,2,2024-11-26,800,1600
151,49,1,1,2025-01-19,3500,3500
152,137,5,2,2024-12-30,800,1600
153,72,1,2,2025-02-06,3500,7000
154,28,1,1,2025-03-17,3500,3500
155,179,4,5,2025-01-26,150,750
156,63,2,2,2025-01-17,2000,4000
157,170,2,3,2025-05-01,2000,6000
158,118,4,1,2024-12-06,150,150
159,16,5,3,2025-02-16,800,2400
160,166,2,3,2024-12-02,2000,6000
161,173,1,1,2025-04-03,3500,3500
162,61,5,4,2025-03-01,800,3200
163,149,1,1,2025-03-01,3500,3500
164,127,2,4,2025-04-04,2000,8000
165,135,1,2,2025-03-23,3500,7000
166,111,3,1,2024-12-28,250,250
167,133,3,1,2025-01-12,250,250
168,19,5,5,2025-03-11,800,4000
169,155,2,3,2025-05-06,2000,6000
170,10,2,5,2025-04-14,2000,10000
171,55,2,5,2025-04-02,2000,10000
172,189,1,3,2025-01-08,3500,10500
173,19,3,2,2025-02-08,250,500
174,183,2,3,2025-02-05,2000,6000
175,62,2,3,2025-01-25,2000,6000
176,185,2,4,2025-02-04,2000,8000
177,56,3,4,2024-12-23,250,1000
178,180,3,5,2025-05-09,250,1250
179,197,1,3,2024-12-16,3500,10500
180,114,5,2,2025-05-08,800,1600
181,186,2,3,2024-12-25,2000,6000
182,105,2,5,2025-05-15,2000,10000
183,75,1,2,2025-01-08,3500,7000
184,124,3,1,2025-04-23,250,250
185,12,1,4,2025-03-16,3500,14000
186,109,2,2,2025-04-28,2000,4000
187,168,3,4,2024-12-23,250,1000
188,45,5,5,2025-05-23,800,4000
189,26,4,2,2025-05-25,150,300
190,43,1,5,2025-03-25,3500,17500
191,120,5,5,2025-05-14,800,4000
192,191,5,5,2025-05-13,800,4000
193,13,1,3,2024-12-17,3500,10500
194,17,1,4,2025-01-02,3500,14000
195,187,5,1,2025-04-07,800,800
196,62,1,4,2025-05-17,3500,14000
197,40,4,4,2025-03-10,150,600
198,28,2,2,2025-03-19,2000,4000
199,36,1,5,2025-04-17,3500,17500
200,154,4,1,2025-03-24,150,150
201,101,5,5,2025-02-05,800,4000
202,45,3,1,2024-12-26,250,250
203,156,1,3,2024-12-19,3500,10500
204,179,4,3,2025-01-29,150,450
205,175,2,3,2025-01-04,2000,6000
206,136,5,5,2025-05-26,800,4000
207,181,1,3,2025-03-27,3500,10500
208,93,4,5,2025-05-12,150,750
209,9,4,4,2025-05-09,150,600
210,120,1,1,2025-02-01,3500,3500
211,118,5,3,2025-02-07,800,2400
212,134,2,5,2025-01-13,2000,10000
213,49,3,3,2025-03-11,250,750
214,114,2,2,2025-01-20,2000,4000
215,123,5,3,2024-12-15,800,2400
216,154,2,4,2024-11-28,2000,8000
217,13,5,4,2025-03-07,800,3200
218,93,3,5,2024-12-19,250,1250
219,154,5,1,2025-04-05,800,800
220,164,3,1,2025-02-18,250,250
221,145,2,3,2025-04-21,2000,6000
222,111,5,1,2025-05-18,800,800
223,180,3,1,2024-12-19,250,250
224,147,5,3,2025-05-22,800,2400
225,23,5,1,2025-02-21,800,800
226,147,2,4,2025-01-28,2000,8000
227,186,1,3,2024-12-12,3500,10500
228,181,5,4,2024-11-29,800,3200
229,100,5,2,2025-01-05,800,1600
230,156,3,2,2025-02-18,250,500
231,58,2,5,2025-02-11,2000,10000
232,99,4,5,2025-03-18,150,750
233,98,1,4,2025-04-09,3500,14000
234,90,2,2,2025-04-25,2000,4000
235,65,5,3,2025-04-02,800,2400
236,200,4,4,2025-03-03,150,600
237,86,3,4,2025-04-11,250,1000
238,188,4,5,2024-12-08,150,750
239,159,1,2,2025-02-02,3500,7000
240,101,1,4,2024-12-01,3500,14000
241,168,4,1,2024-12-08,150,150
242,114,2,3,2025-01-26,2000,6000
243,33,2,5,2025-04-12,2000,10000
244,24,2,2,2025-03-16,2000,4000
245,142,2,1,2024-12-22,2000,2000
246,154,4,1,2025-05-22,150,150
247,60,3,3,2025-02-06,250,750
248,127,3,1,2025-04-25,250,250
249,13,5,5,2025-02-28,800,4000
250,115,1,4,2025-04-01,3500,14000
251,198,5,3,2025-05-17,800,2400
252,185,2,1,2025-02-16,2000,2000
253,66,3,4,2025-02-24,250,1000
254,47,4,5,2025-03-08,150,750
255,20,3,4,2025-05-25,250,1000
256,132,3,2,2024-11-27,250,500
257,120,5,4,2025-04-03,800,3200
258,62,3,1,2024-12-23,250,250
259,83,5,2,2025-03-10,800,1600
260,18,5,4,2025-05-03,800,3200
261,173,5,3,2025-02-21,800,2400
262,67,5,3,2025-01-09,800,2400
263,13,5,2,2024-12-30,800,1600
264,165,2,4,2025-04-23,2000,8000
265,115,4,3,2025-02-01,150,450
266,57,4,4,2024-12-17,150,600
267,93,1,3,2025-03-02,3500,10500
268,143,3,4,2025-03-13,250,1000
269,95,3,4,2025-01-01,250,1000
270,175,4,4,2025-01-30,150,600
271,158,2,4,2024-12-08,2000,8000
272,34,2,3,2025-01-22,2000,6000
273,200,5,5,2025-01-01,800,4000
274,198,4,2,2025-05-07,150,300
275,178,1,4,2024-12-04,3500,14000
276,162,3,5,2025-01-29,250,1250
277,105,3,3,2025-04-03,250,750
278,44,4,3,2025-02-03,150,450
279,169,2,3,2025-02-27,2000,6000
280,150,2,5,2025-03-30,2000,10000
281,13,2,3,2024-12-05,2000,6000
282,2,2,5,2025-05-25,2000,10000
283,17,4,2,2025-04-29,150,300
284,84,2,3,2025-03-07,2000,6000
285,23,3,1,2025-01-04,250,250
286,55,5,5,2025-05-18,800,4000
287,32,2,2,2025-03-01,2000,4000
288,12,3,4,2025-03-28,250,1000
289,160,1,2,2025-03-12,3500,7000
290,90,5,4,2025-04-15,800,3200
291,117,5,2,2025-04-27,800,1600
292,137,1,5,2025-02-27,3500,17500
293,145,5,2,2025-03-03,800,1600
294,168,5,4,2025-04-06,800,3200
295,90,2,4,2025-02-28,2000,8000
296,118,4,2,2025-04-18,150,300
297,8,1,4,2025-01-16,3500,14000
298,6,4,3,2025-01-08,150,450
299,64,5,5,2024-11-27,800,4000
300,167,1,3,2025-04-07,3500,10500
301,198,3,4,2024-12-09,250,1000
302,182,1,4,2025-01-20,3500,14000
303,77,5,1,2025-02-27,800,800
304,194,2,1,2025-03-04,2000,2000
305,126,5,4,2025-01-10,800,3200
306,6,4,1,2025-01-21,150,150
307,52,1,2,2025-05-13,3500,7000
308,83,2,2,2025-04-07,2000,4000
309,199,1,3,2024-12-29,3500,10500
310,149,4,1,2025-04-21,150,150
311,68,2,5,2025-04-26,2000,10000
312,68,4,2,2025-05-06,150,300
313,105,1,3,2024-12-21,3500,10500
314,200,2,4,2025-05-17,2000,8000
315,55,5,2,2025-02-17,800,1600
316,55,2,4,2024-12-04,2000,8000
317,9,1,5,2025-03-02,3500,17500
318,151,2,4,2025-01-14,2000,8000
319,186,5,2,2025-04-11,800,1600
320,85,2,3,2025-02-12,2000,6000
321,20,3,4,2025-02-02,250,1000
322,22,1,2,2024-12-17,3500,7000
323,97,5,3,2025-05-11,800,2400
324,28,3,5,2024-11-30,250,1250
325,87,3,4,2025-04-03,250,1000
326,181,3,3,2025-01-22,250,750
327,184,2,5,2025-03-27,2000,10000
328,176,2,5,2024-12-09,2000,10000
329,93,2,5,2025-05-01,2000,10000
330,8,5,5,2025-03-06,800,4000
331,82,3,4,2025-03-27,250,1000
332,183,5,1,2025-01-12,800,800
333,26,2,1,2025-01-03,2000,2000
334,136,5,4,2025-04-05,800,3200
335,27,4,3,2025-01-16,150,450
336,5,3,5,2025-04-04,250,1250
337,5,4,2,2025-05-09,150,300
338,45,4,2,2025-01-28,150,300
339,144,2,3,2025-02-11,2000,6000
340,93,1,2,2025-01-28,3500,7000
341,81,5,1,2025-03-07,800,800
342,138,2,3,2025-01-13,2000,6000
343,98,4,1,2025-03-25,150,150
344,192,2,5,2025-05-02,2000,10000
345,175,3,3,2024-12-11,250,750
346,159,5,4,2025-03-30,800,3200
347,154,1,3,2024-12-05,3500,10500
348,55,3,1,2025-02-25,250,250
349,169,2,4,2024-12-23,2000,8000
350,194,4,5,2025-01-17,150,750
351,132,2,1,2025-04-25,2000,2000
352,162,5,2,2024-12-30,800,1600
353,136,2,3,2025-04-04,2000,6000
354,120,1,3,2025-04-16,3500,10500
355,194,4,5,2025-02-17,150,750
356,30,5,1,2025-05-10,800,800
357,96,4,5,2025-01-10,150,750
358,176,3,4,2025-02-10,250,1000
359,5,4,1,2025-04-23,150,150
360,56,1,3,2025-04-19,3500,10500
361,100,2,5,2025-01-04,2000,10000
362,96,1,3,2024-12-16,3500,10500
363,3,2,2,2025-02-14,2000,4000
364,42,2,5,2025-02-02,2000,10000
365,71,2,5,2025-04-01,2000,10000
366,53,3,2,2024-11-28,250,500
367,191,3,3,2025-04-23,250,750
368,142,2,2,2025-04-05,2000,4000
369,45,5,2,2025-02-19,800,1600
370,150,5,1,2025-03-22,800,800
371,148,2,3,2025-01-10,2000,6000
372,109,2,5,2025-01-14,2000,10000
373,119,2,3,2025-01-03,2000,6000
374,171,2,1,2025-01-04,2000,2000
375,120,1,4,2025-04-29,3500,14000
376,116,5,3,2025-01-13,800,2400
377,175,3,2,2025-05-26,250,500
378,31,5,1,2024-12-08,800,800
379,67,1,2,2024-12-05,3500,7000
380,146,3,1,2024-12-15,250,250
381,168,5,1,2025-03-09,800,800
382,80,1,4,2025-04-05,3500,14000
383,3,1,3,2025-05-08,3500,10500
384,179,4,3,2025-05-27,150,450
385,8,5,2,2025-04-26,800,1600
386,38,3,4,2025-04-01,250,1000
387,133,1,3,2025-04-11,3500,10500
388,40,3,2,2025-01-21,250,500
389,128,1,2,2025-02-23,3500,7000
390,173,5,2,2025-05-17,800,1600
391,57,2,3,2025-04-23,2000,6000
392,5,4,5,2025-03-11,150,750
393,182,5,2,2025-05-06,800,1600
394,160,4,5,2025-03-13,150,750
395,69,3,4,2024-12-07,250,1000
396,5,1,5,2025-02-16,3500,17500
397,40,1,3,2025-03-13,3500,10500
398,109,5,1,2025-04-30,800,800
399,8,1,5,2024-12-10,3500,17500
400,22,4,2,2025-01-03,150,300
401,80,1,5,2024-12-26,3500,17500
402,110,2,4,2025-02-09,2000,8000
403,94,2,3,2024-12-02,2000,6000
404,3,1,3,2025-02-13,3500,10500
405,16,5,4,2024-12-08,800,3200
406,168,3,1,2025-01-07,250,250
407,199,5,5,2025-02-12,800,4000
408,65,3,2,2025-03-18,250,500
409,60,4,3,2025-04-08,150,450
410,164,5,3,2025-05-04,800,2400
411,42,5,1,2025-04-20,800,800
412,37,5,4,2025-01-21,800,3200
413,148,2,4,2025-01-21,2000,8000
414,133,2,1,2025-04-18,2000,2000
415,88,3,2,2024-12-17,250,500
416,44,5,1,2025-02-07,800,800
417,52,3,2,2024-12-05,250,500
418,69,1,1,2025-05-10,3500,3500
419,37,2,1,2025-02-17,2000,2000
420,121,2,4,2024-12-28,2000,8000
421,180,5,4,2025-02-06,800,3200
422,19,3,4,2025-03-09,250,1000
423,160,2,3,2025-02-01,2000,6000
424,166,1,4,2025-03-01,3500,14000
425,20,4,3,2025-02-20,150,450
426,78,3,1,2024-12-26,250,250
427,191,4,4,2025-03-15,150,600
428,18,3,4,2024-12-19,250,1000
429,92,3,3,2025-03-05,250,750
430,66,5,4,2025-03-18,800,3200
431,189,3,3,2025-05-20,250,750
432,122,2,5,2025-04-09,2000,10000
433,17,2,2,2025-01-21,2000,4000
434,158,5,5,2025-03-20,800,4000
435,33,4,5,2024-12-11,150,750
436,115,2,1,2024-12-29,2000,2000
437,14,3,3,2024-12-31,250,750
438,98,3,2,2025-04-10,250,500
439,133,5,5,2025-03-06,800,4000
440,165,2,5,2025-05-07,2000,10000
441,100,4,5,2025-05-19,150,750
442,150,3,1,2025-05-05,250,250
443,132,5,1,2025-04-15,800,800
444,144,2,2,2025-04-23,2000,4000
445,52,3,4,2025-05-17,250,1000
446,5,2,1,2025-01-14,2000,2000
447,15,1,3,2024-12-28,3500,10500
448,158,2,5,2025-01-30,2000,10000
449,154,1,3,2025-03-17,3500,10500
450,52,1,1,2025-03-07,3500,3500
451,15,5,5,2024-12-08,800,4000
452,149,3,1,2025-03-19,250,250
453,67,3,3,2025-01-12,250,750
454,123,3,4,2025-02-03,250,1000
455,72,5,2,2025-05-14,800,1600
456,58,5,1,2025-05-11,800,800
457,3,2,4,2024-12-23,2000,8000
458,38,3,3,2025-03-23,250,750
459,30,5,4,2024-11-27,800,3200
460,128,2,5,2025-05-22,2000,10000
461,167,3,4,2025-05-15,250,1000
462,33,1,1,2025-05-05,3500,3500
463,9,5,4,2025-04-24,800,3200
464,27,5,5,2025-05-13,800,4000
465,177,1,3,2025-02-09,3500,10500
466,163,5,4,2024-11-30,800,3200
467,115,3,1,2025-04-03,250,250
468,113,2,3,2025-03-08,2000,6000
469,176,2,5,2025-01-28,2000,10000
470,50,3,3,2025-03-15,250,750
471,186,1,3,2024-11-27,3500,10500
472,163,2,2,2024-12-10,2000,4000
473,158,4,3,2025-02-09,150,450
474,164,2,4,2024-12-29,2000,8000
475,15,1,3,2025-01-01,3500,10500
476,100,1,4,2025-04-22,3500,14000
477,119,5,3,2024-12-20,800,2400
478,176,3,2,2024-12-06,250,500
479,95,1,3,2025-03-25,3500,10500
480,96,1,4,2025-02-19,3500,14000
481,140,5,4,2024-12-31,800,3200
482,187,3,3,2025-03-09,250,750
483,121,1,4,2025-04-17,3500,14000
484,54,3,4,2025-02-18,250,1000
485,108,1,3,2025-03-02,3500,10500
486,37,1,4,2025-05-15,3500,14000
487,86,4,2,2025-05-25,150,300
488,109,2,4,2025-03-01,2000,8000
489,116,4,3,2025-05-24,150,450
490,155,2,3,2024-12-29,2000,6000
491,29,4,1,2025-02-14,150,150
492,131,1,3,2024-12-06,3500,10500
493,21,1,1,2025-05-10,3500,3500
494,115,3,1,2025-03-26,250,250
495,146,5,1,2025-05-19,800,800
496,14,1,5,2025-01-27,3500,17500
497,134,1,3,2024-12-30,3500,10500
498,27,2,5,2025-01-26,2000,10000
499,130,5,4,2024-11-26,800,3200
500,120,5,3,2025-04-09,800,2400
501,147,1,1,2025-05-25,3500,3500
502,194,1,4,2025-04-02,3500,14000
503,38,5,4,2025-02-20,800,3200
504,47,1,4,2025-02-20,3500,14000
505,190,4,5,2025-01-10,150,750
506,175,4,4,2025-05-27,150,600
507,5,1,2,2025-03-17,3500,7000
508,148,4,4,2025-01-30,150,600
509,72,5,4,2025-01-05,800,3200
510,32,2,4,2025-05-18,2000,8000
511,31,2,1,2024-12-16,2000,2000
512,93,5,2,2024-12-23,800,1600
513,18,3,1,2025-05-04,250,250
514,58,5,4,2025-05-12,800,3200
515,118,4,2,2025-05-15,150,300
516,174,2,3,2025-04-14,2000,6000
517,110,2,2,2025-04-19,2000,4000
518,143,2,5,2025-02-12,2000,10000
519,57,1,3,2024-12-25,3500,10500
520,98,2,3,2025-01-05,2000,6000
521,55,5,4,2024-11-28,800,3200
522,121,1,2,2024-12-08,3500,7000
523,118,5,1,2025-02-20,800,800
524,78,3,4,2025-03-13,250,1000
525,44,1,3,2024-11-29,3500,10500
526,4,3,1,2025-03-17,250,250
527,124,1,3,2025-01-08,3500,10500
528,99,4,1,2025-04-11,150,150
529,94,1,4,2025-03-01,3500,14000
530,75,3,2,2025-01-04,250,500
531,16,2,2,2025-01-17,2000,4000
532,197,4,2,2025-03-02,150,300
533,8,2,3,2025-04-23,2000,6000
534,5,4,3,2024-11-30,150,450
535,54,1,2,2025-01-27,3500,7000
536,179,2,3,2024-12-25,2000,6000
537,109,3,1,2024-12-21,250,250
538,56,2,4,2025-02-12,2000,8000
539,29,4,1,2025-01-15,150,150
540,191,3,4,2025-02-25,250,1000
541,50,1,2,2025-05-20,3500,7000
542,35,3,5,2024-12-13,250,1250
543,124,3,1,2025-01-08,250,250
544,37,1,5,2025-05-04,3500,17500
545,83,4,3,2025-03-22,150,450
546,71,4,4,2025-02-04,150,600
547,81,1,5,2024-12-10,3500,17500
548,130,3,4,2025-04-09,250,1000
549,22,2,2,2025-03-19,2000,4000
550,110,2,1,2025-05-02,2000,2000
551,123,3,4,2024-12-08,250,1000
552,142,5,3,2025-05-04,800,2400
553,170,3,3,2025-02-27,250,750
554,143,5,1,2025-01-17,800,800
555,151,4,4,2025-01-06,150,600
556,54,3,3,2025-01-19,250,750
557,139,4,3,2025-03-11,150,450
558,195,4,4,2025-04-08,150,600
559,4,4,5,2025-05-10,150,750
560,18,5,1,2025-04-14,800,800
561,50,2,2,2025-04-16,2000,4000
562,144,3,5,2025-02-01,250,1250
563,35,4,4,2025-05-06,150,600
564,141,4,4,2025-02-11,150,600
565,82,5,1,2024-11-27,800,800
566,155,1,3,2025-02-06,3500,10500
567,169,3,3,2025-01-12,250,750
568,124,1,4,2025-03-05,3500,14000
569,104,2,2,2025-01-25,2000,4000
570,190,2,4,2024-12-18,2000,8000
571,99,1,3,2025-01-10,3500,10500
572,18,4,5,2025-05-16,150,750
573,15,3,2,2025-03-22,250,500
574,163,2,2,2025-01-26,2000,4000
575,171,2,2,2025-03-20,2000,4000
576,52,1,5,2025-03-06,3500,17500
577,176,3,2,2025-01-14,250,500
578,118,2,3,2025-05-13,2000,6000
579,2,1,4,2024-12-17,3500,14000
580,35,2,3,2025-01-07,2000,6000
581,36,3,3,2025-03-27,250,750
582,195,5,2,2025-04-04,800,1600
583,147,4,1,2025-03-10,150,150
584,107,2,4,2025-05-17,2000,8000
585,131,5,2,2025-02-12,800,1600
586,169,3,4,2024-12-22,250,1000
587,37,3,3,2025-04-06,250,750
588,97,5,4,2025-04-24,800,3200
589,154,1,3,2025-05-01,3500,10500
590,89,5,2,2025-05-02,800,1600
591,181,3,3,2025-02-12,250,750
592,133,1,1,2024-12-25,3500,3500
593,58,4,4,2025-05-11,150,600
594,158,3,5,2024-11-27,250,1250
595,140,3,1,2025-01-17,250,250
596,112,2,3,2025-01-30,2000,6000
597,198,1,1,2025-05-08,3500,3500
598,37,3,4,2025-01-24,250,1000
599,194,5,2,2025-03-11,800,1600
600,142,3,5,2025-05-06,250,1250
601,172,2,2,2025-02-13,2000,4000
602,181,1,1,2025-01-06,3500,3500
603,103,3,5,2025-05-21,250,1250
604,52,5,1,2024-12-02,800,800
605,16,1,3,2024-12-27,3500,10500
606,146,4,1,2025-03-09,150,150
607,91,1,1,2025-04-27,3500,3500
608,24,3,1,2024-12-04,250,250
609,46,2,2,2025-03-19,2000,4000
610,5,3,3,2025-03-05,250,750
611,73,1,2,2025-02-24,3500,7000
612,164,4,5,2025-05-17,150,750
613,1,4,4,2025-02-01,150,600
614,126,2,4,2024-12-06,2000,8000
615,15,4,1,2024-12-29,150,150
616,181,3,4,2024-12-14,250,1000
617,142,4,1,2025-01-09,150,150
618,166,3,1,2025-01-09,250,250
619,92,1,2,2025-03-21,3500,7000
620,58,4,2,2025-04-18,150,300
621,131,1,3,2025-02-13,3500,10500
622,111,1,5,2025-01-10,3500,17500
623,25,1,5,2024-12-08,3500,17500
624,114,2,1,2025-05-24,2000,2000
625,35,4,2,2025-03-19,150,300
626,178,3,3,2025-05-16,250,750
627,123,4,5,2024-11-29,150,750
628,142,1,2,2025-01-26,3500,7000
629,182,5,3,2025-05-13,800,2400
630,14,2,1,2025-03-21,2000,2000
631,168,5,3,2025-01-01,800,2400
632,67,2,1,2025-03-27,2000,2000
633,126,5,2,2024-12-13,800,1600
634,139,3,1,2024-12-16,250,250
635,74,1,2,2025-04-13,3500,7000
636,187,1,2,2024-12-13,3500,7000
637,118,2,3,2025-03-26,2000,6000
638,132,2,4,2025-02-04,2000,8000
639,10,3,3,2025-03-16,250,750
640,156,2,5,2024-12-25,2000,10000
641,128,4,3,2025-01-18,150,450
642,128,3,2,2025-02-23,250,500
643,171,4,5,2025-03-24,150,750
644,73,5,5,2025-02-07,800,4000
645,3,5,3,2025-03-23,800,2400
646,113,4,3,2024-12-09,150,450
647,21,2,5,2025-04-10,2000,10000
648,20,5,1,2025-02-18,800,800
649,52,2,2,2025-05-12,2000,4000
650,47,5,4,2025-04-19,800,3200
651,161,4,4,2024-12-15,150,600
652,55,5,2,2025-02-14,800,1600
653,196,1,4,2025-04-10,3500,14000
654,54,4,2,2025-01-25,150,300
655,64,3,5,2024-12-08,250,1250
656,95,1,3,2024-12-27,3500,10500
657,16,5,2,2025-03-03,800,1600
658,198,2,5,2025-05-15,2000,10000
659,17,1,5,2025-01-27,3500,17500
660,192,5,5,2025-01-04,800,4000
661,127,4,2,2025-03-10,150,300
662,177,4,2,2025-01-20,150,300
663,72,2,5,2024-12-08,2000,10000
664,45,2,2,2025-05-13,2000,4000
665,74,3,4,2025-03-04,250,1000
666,116,3,5,2025-05-24,250,1250
667,52,1,3,2024-12-15,3500,10500
668,106,1,5,2025-02-25,3500,17500
669,61,4,5,2024-12-31,150,750
670,100,5,5,2025-01-05,800,4000
671,152,5,2,2024-12-26,800,1600
672,109,4,2,2025-02-23,150,300
673,124,4,4,2025-01-25,150,600
674,152,2,4,2025-01-10,2000,8000
675,132,1,4,2025-04-06,3500,14000
676,81,2,3,2024-12-18,2000,6000
677,184,2,5,2024-12-16,2000,10000
678,49,3,2,2024-12-04,250,500
679,63,1,5,2025-04-17,3500,17500
680,163,4,1,2025-04-29,150,150
681,134,1,1,2025-03-04,3500,3500
682,21,4,2,2025-01-17,150,300
683,45,4,2,2025-01-17,150,300
684,197,2,5,2025-05-17,2000,10000
685,60,5,1,2025-02-15,800,800
686,83,3,2,2025-04-28,250,500
687,45,1,4,2025-02-21,3500,14000
688,172,4,2,2025-01-03,150,300
689,168,5,3,2025-05-23,800,2400
690,134,5,1,2025-04-19,800,800
691,143,1,5,2025-04-23,3500,17500
692,187,1,2,2025-04-29,3500,7000
693,7,1,3,2025-02-20,3500,10500
694,106,5,1,2025-04-25,800,800
695,165,3,5,2025-01-30,250,1250
696,186,5,1,2025-05-17,800,800
697,126,1,3,2025-02-20,3500,10500
698,147,5,2,2025-04-13,800,1600
699,168,1,3,2025-02-01,3500,10500
700,166,4,1,2024-12-22,150,150
701,185,1,3,2025-03-17,3500,10500
702,115,3,2,2025-03-20,250,500
703,67,2,5,2025-02-14,2000,10000
704,177,3,4,2025-01-02,250,1000
705,161,5,1,2024-11-29,800,800
706,141,2,1,2025-01-16,2000,2000
707,135,5,5,2025-05-27,800,4000
708,105,1,2,2025-02-28,3500,7000
709,19,3,2,2025-01-24,250,500
710,27,5,4,2025-04-09,800,3200
711,6,3,1,2025-01-03,250,250
712,186,4,5,2024-12-25,150,750
713,72,3,1,2025-01-09,250,250
714,121,2,1,2025-01-19,2000,2000
715,68,2,4,2025-04-29,2000,8000
716,37,5,3,2025-02-22,800,2400
717,2,1,1,2025-01-01,3500,3500
718,143,4,5,2025-01-30,150,750
719,159,5,5,2025-01-17,800,4000
720,89,3,4,2024-12-23,250,1000
721,111,3,4,2025-05-27,250,1000
722,41,2,5,2025-01-27,2000,10000
723,103,5,3,2025-02-14,800,2400
724,92,2,2,2025-04-23,2000,4000
725,158,3,5,2025-02-16,250,1250
726,178,5,2,2025-04-16,800,1600
727,163,3,3,2025-05-08,250,750
728,106,3,1,2025-02-14,250,250
729,154,4,3,2025-05-18,150,450
730,12,2,3,2025-02-06,2000,6000
731,165,1,4,2025-04-20,3500,14000
732,67,4,2,2025-05-17,150,300
733,6,5,4,2025-05-16,800,3200
734,85,2,2,2025-02-24,2000,4000
735,87,1,1,2025-04-01,3500,3500
736,160,3,3,2024-12-14,250,750
737,164,5,1,2025-03-24,800,800
738,200,2,1,2025-05-21,2000,2000
739,91,3,1,2024-11-27,250,250
740,3,4,5,2025-03-05,150,750
741,8,3,5,2025-01-12,250,1250
742,176,5,5,2025-04-01,800,4000
743,87,2,3,2024-12-03,2000,6000
744,193,5,5,2025-05-24,800,4000
745,125,3,1,2024-12-01,250,250
746,9,2,4,2024-12-29,2000,8000
747,7,2,5,2025-04-26,2000,10000
748,31,3,5,2025-05-26,250,1250
749,24,3,1,2024-12-09,250,250
750,43,4,2,2025-04-30,150,300
751,44,2,3,2025-05-04,2000,6000
752,86,2,4,2024-12-27,2000,8000
753,43,1,5,2025-04-08,3500,17500
754,6,1,1,2025-04-22,3500,3500
755,196,1,1,2025-02-22,3500,3500
756,40,4,5,2025-03-19,150,750
757,3,2,4,2025-05-04,2000,8000
758,35,4,5,2025-04-02,150,750
759,8,2,2,2025-02-09,2000,4000
760,76,5,4,2025-04-03,800,3200
761,177,5,5,2025-03-16,800,4000
762,39,2,4,2024-12-22,2000,8000
763,170,3,2,2025-05-06,250,500
764,151,2,5,2025-03-23,2000,10000
765,91,3,5,2025-04-21,250,1250
766,33,2,5,2025-01-14,2000,10000
767,188,5,4,2025-02-08,800,3200
768,49,3,3,2025-04-24,250,750
769,49,4,4,2025-05-24,150,600
770,87,3,2,2025-05-01,250,500
771,131,4,1,2024-12-13,150,150
772,108,1,5,2025-03-02,3500,17500
773,163,5,5,2025-01-20,800,4000
774,32,5,5,2025-05-09,800,4000
775,114,2,3,2025-05-12,2000,6000
776,73,2,3,2025-04-21,2000,6000
777,32,3,2,2025-04-02,250,500
778,70,1,1,2025-02-20,3500,3500
779,102,2,1,2025-01-18,2000,2000
780,142,5,5,2025-01-08,800,4000
781,174,1,1,2025-05-19,3500,3500
782,47,3,4,2025-01-25,250,1000
783,164,3,3,2025-05-25,250,750
784,58,1,1,2024-12-08,3500,3500
785,2,1,3,2025-02-04,3500,10500
786,27,4,4,2025-03-24,150,600
787,113,5,5,2025-04-06,800,4000
788,65,1,2,2025-02-08,3500,7000
789,123,4,2,2024-12-28,150,300
790,112,3,3,2025-04-17,250,750
791,159,4,3,2025-01-31,150,450
792,199,4,4,2025-03-17,150,600
793,34,2,5,2025-02-21,2000,10000
794,24,1,1,2024-12-27,3500,3500
795,91,3,5,2025-01-31,250,1250
796,116,1,3,2025-05-19,3500,10500
797,52,4,3,2025-03-09,150,450
798,23,5,4,2025-03-17,800,3200
799,151,2,1,2025-04-21,2000,2000
800,96,5,1,2025-01-22,800,800
801,91,1,4,2025-04-19,3500,14000
802,182,4,2,2025-02-28,150,300
803,92,1,1,2024-12-14,3500,3500
804,67,1,2,2024-12-26,3500,7000
805,200,5,5,2025-04-12,800,4000
806,175,2,3,2025-04-01,2000,6000
807,120,4,2,2025-01-17,150,300
808,148,4,2,2025-01-09,150,300
809,179,1,2,2025-04-17,3500,7000
810,103,1,1,2024-12-19,3500,3500
811,196,5,3,2025-05-27,800,2400
812,65,1,2,2025-05-21,3500,7000
813,48,4,2,2025-03-15,150,300
814,146,1,5,2025-04-09,3500,17500
815,45,4,3,2025-02-17,150,450
816,22,1,5,2025-04-11,3500,17500
817,2,4,4,2025-01-13,150,600
818,27,5,1,2025-04-08,800,800
819,21,4,3,2025-02-18,150,450
820,183,4,3,2025-05-02,150,450
821,164,4,5,2025-02-17,150,750
822,144,1,3,2025-01-28,3500,10500
823,117,4,5,2025-03-21,150,750
824,132,1,4,2024-12-02,3500,14000
825,152,2,4,2024-12-31,2000,8000
826,81,3,1,2025-03-06,250,250
827,137,1,1,2025-04-25,3500,3500
828,148,2,3,2024-12-28,2000,6000
829,103,3,5,2025-02-04,250,1250
830,116,2,1,2025-05-26,2000,2000
831,145,4,1,2025-01-17,150,150
832,137,5,4,2025-03-25,800,3200
833,57,1,4,2025-03-24,3500,14000
834,59,5,4,2024-12-17,800,3200
835,49,2,3,2025-01-29,2000,6000
836,176,4,5,2025-01-21,150,750
837,128,3,1,2024-12-29,250,250
838,151,3,1,2025-02-02,250,250
839,151,1,2,2025-02-09,3500,7000
840,75,2,5,2025-04-17,2000,10000
841,104,4,5,2025-03-26,150,750
842,164,3,2,2025-01-15,250,500
843,74,4,3,2024-12-07,150,450
844,136,3,4,2025-05-04,250,1000
845,157,5,4,2025-01-13,800,3200
846,149,4,1,2024-12-18,150,150
847,199,1,1,2025-01-14,3500,3500
848,50,5,1,2025-01-15,800,800
849,89,1,3,2025-05-10,3500,10500
850,178,1,2,2024-12-02,3500,7000
851,116,4,2,2025-04-07,150,300
852,91,3,1,2025-04-26,250,250
853,158,5,2,2025-02-21,800,1600
854,199,3,2,2025-02-05,250,500
855,10,3,1,2025-05-12,250,250
856,23,1,2,2024-12-01,3500,7000
857,106,2,4,2025-04-04,2000,8000
858,161,3,2,2025-05-15,250,500
859,50,5,5,2024-12-21,800,4000
860,21,1,2,2025-04-11,3500,7000
861,80,4,4,2025-01-30,150,600
862,103,2,5,2025-05-14,2000,10000
863,110,2,4,2025-03-28,2000,8000
864,123,2,1,2024-12-22,2000,2000
865,118,5,4,2025-01-06,800,3200
866,30,4,1,2025-03-22,150,150
867,195,1,4,2025-02-05,3500,14000
868,141,3,2,2024-12-25,250,500
869,85,5,1,2025-05-16,800,800
870,10,4,5,2025-03-01,150,750
871,45,2,5,2025-04-22,2000,10000
872,85,1,1,2024-12-02,3500,3500
873,153,1,2,2025-05-14,3500,7000
874,122,2,4,2025-05-25,2000,8000
875,2,1,4,2025-04-29,3500,14000
876,124,4,2,2025-01-03,150,300
877,181,2,3,2025-03-17,2000,6000
878,45,2,1,2025-04-29,2000,2000
879,169,3,1,2024-12-07,250,250
880,165,2,5,2025-05-04,2000,10000
881,115,1,4,2025-04-06,3500,14000
882,106,2,5,2025-04-11,2000,10000
883,1,3,3,2025-04-20,250,750
884,116,2,4,2024-12-20,2000,8000
885,13,5,5,2025-04-08,800,4000
886,30,4,3,2025-02-12,150,450
887,92,1,1,2025-03-11,3500,3500
888,11,2,1,2025-04-05,2000,2000
889,39,5,1,2025-03-05,800,800
890,115,5,5,2024-12-31,800,4000
891,34,2,5,2025-01-04,2000,10000
892,110,4,2,2025-03-26,150,300
893,52,5,2,2025-05-09,800,1600
894,185,2,4,2024-11-29,2000,8000
895,189,5,2,2025-03-11,800,1600
896,61,4,3,2025-01-18,150,450
897,6,1,5,2025-04-23,3500,17500
898,50,1,3,2024-12-07,3500,10500
899,150,4,5,2025-01-20,150,750
900,132,4,2,2025-05-21,150,300
901,64,4,1,2025-02-12,150,150
902,87,4,2,2025-02-27,150,300
903,30,4,2,2024-12-17,150,300
904,140,2,5,2024-12-02,2000,10000
905,108,2,3,2025-03-11,2000,6000
906,85,2,1,2025-05-09,2000,2000
907,61,3,1,2025-04-19,250,250
908,31,4,5,2025-03-12,150,750
909,134,4,5,2025-03-30,150,750
910,23,1,5,2025-04-10,3500,17500
911,185,3,2,2025-01-27,250,500
912,192,3,2,2024-12-22,250,500
913,153,1,1,2025-03-02,3500,3500
914,21,1,1,2025-01-21,3500,3500
915,122,1,5,2025-03-08,3500,17500
916,11,4,2,2024-12-19,150,300
917,183,1,2,2025-03-16,3500,7000
918,58,3,1,2024-12-09,250,250
919,5,5,1,2024-12-09,800,800
920,17,3,5,2025-04-24,250,1250
921,152,2,3,2025-04-22,2000,6000
922,118,4,4,2025-03-23,150,600
923,91,4,5,2025-01-05,150,750
924,15,4,4,2025-05-01,150,600
925,154,1,1,2025-04-27,3500,3500
926,4,2,2,2025-02-02,2000,4000
927,18,1,3,2024-12-08,3500,10500
928,14,1,5,2025-03-26,3500,17500
929,47,4,3,2025-03-27,150,450
930,4,5,2,2024-12-01,800,1600
931,107,2,3,2025-04-26,2000,6000
932,93,1,3,2025-01-02,3500,10500
933,81,1,2,2025-01-14,3500,7000
934,40,4,1,2025-04-11,150,150
935,13,1,1,2025-03-09,3500,3500
936,137,5,1,2024-12-22,800,800
937,178,5,3,2025-01-17,800,2400
938,83,5,1,2024-12-08,800,800
939,155,5,2,2025-05-24,800,1600
940,160,1,2,2025-02-10,3500,7000
941,31,2,3,2025-03-19,2000,6000
942,43,3,2,2025-03-17,250,500
943,57,1,4,2025-02-02,3500,14000
944,8,2,2,2025-01-25,2000,4000
945,100,3,1,2024-12-11,250,250
946,95,1,4,2025-05-24,3500,14000
947,30,5,4,2025-03-08,800,3200
948,159,5,3,2025-01-05,800,2400
949,93,5,4,2025-02-24,800,3200
950,171,1,1,2025-03-23,3500,3500
951,176,2,1,2025-05-27,2000,2000
952,59,1,4,2024-12-03,3500,14000
953,133,3,3,2025-01-27,250,750
954,163,2,2,2025-03-29,2000,4000
955,57,4,3,2024-12-03,150,450
956,169,3,4,2024-12-17,250,1000
957,135,2,2,2025-04-28,2000,4000
958,89,3,3,2025-05-26,250,750
959,111,3,1,2025-05-25,250,250
960,149,3,1,2025-05-24,250,250
961,120,4,5,2025-01-23,150,750
962,127,3,5,2024-12-17,250,1250
963,107,5,1,2025-03-12,800,800
964,28,4,4,2025-01-02,150,600
965,29,2,5,2025-02-26,2000,10000
966,99,4,5,2025-04-07,150,750
967,187,1,4,2025-04-07,3500,14000
968,200,3,3,2025-04-19,250,750
969,112,5,1,2025-02-20,800,800
970,92,1,5,2025-04-14,3500,17500
971,113,5,3,2024-12-14,800,2400
972,184,5,3,2025-03-26,800,2400
973,65,2,5,2025-04-30,2000,10000
974,14,1,2,2025-02-17,3500,7000
975,4,3,2,2025-04-11,250,500
976,54,2,4,2024-12-08,2000,8000
977,8,4,3,2024-11-29,150,450
978,180,2,3,2025-04-26,2000,6000
979,23,3,2,2024-12-22,250,500
980,8,3,5,2025-02-13,250,1250
981,73,5,4,2025-04-30,800,3200
982,111,4,3,2025-01-21,150,450
983,157,4,4,2024-12-01,150,600
984,199,3,3,2025-04-14,250,750
985,55,1,3,2025-03-17,3500,10500
986,8,1,3,2025-04-03,3500,10500
987,29,5,5,2024-12-17,800,4000
988,102,2,3,2024-12-03,2000,6000
989,49,5,1,2025-03-12,800,800
990,83,4,3,2025-04-21,150,450
991,47,3,2,2025-01-15,250,500
992,194,5,4,2025-05-14,800,3200
993,189,3,2,2025-05-23,250,500
994,5,1,3,2024-12-06,3500,10500
995,106,2,3,2025-04-04,2000,6000
996,161,1,5,2024-12-20,3500,17500
997,162,5,2,2025-04-30,800,1600
998,73,3,5,2024-11-27,250,1250
999,74,4,4,2025-05-10,150,600
1000,138,3,2,2025-04-15,250,500
1001,88,1,3,2025-05-19,3500,10500
1002,137,1,3,2025-05-26,3500,10500
1003,144,5,1,2025-01-16,800,800
1004,171,1,5,2025-01-01,3500,17500
1005,151,4,4,2024-12-24,150,600
1006,164,1,3,2025-02-18,3500,10500
1007,109,3,3,2025-01-05,250,750
1008,16,2,5,2025-05-03,2000,10000
1009,52,3,2,2025-01-06,250,500
1010,159,4,1,2024-12-15,150,150
1011,101,2,5,2025-03-13,2000,10000
1012,180,5,4,2025-04-10,800,3200
1013,75,5,1,2024-12-07,800,800
1014,170,4,3,2025-02-03,150,450
1015,2,5,4,2024-12-10,800,3200
1016,158,4,2,2024-12-23,150,300
1017,200,3,5,2025-05-22,250,1250
1018,168,4,2,2025-04-06,150,300
1019,103,2,1,2025-04-27,2000,2000
1020,124,5,3,2025-01-13,800,2400
1021,119,5,1,2024-12-17,800,800
1022,108,5,5,2025-03-20,800,4000
1023,157,1,5,2024-12-29,3500,17500
1024,140,3,5,2025-02-02,250,1250
1025,132,5,3,2025-05-07,800,2400
1026,93,3,5,2025-04-09,250,1250
1027,12,5,4,2025-03-06,800,3200
1028,77,2,1,2024-12-17,2000,2000
1029,156,1,4,2025-03-25,3500,14000
1030,74,1,4,2024-12-03,3500,14000
1031,88,4,3,2025-01-29,150,450
1032,151,4,1,2025-01-15,150,150
1033,66,2,5,2025-05-12,2000,10000
1034,199,4,5,2025-01-04,150,750
1035,94,4,3,2024-12-20,150,450
1036,182,5,2,2024-12-19,800,1600
1037,143,3,4,2025-02-04,250,1000
1038,107,3,3,2025-01-26,250,750
1039,175,4,1,2024-11-29,150,150
1040,100,2,3,2025-01-17,2000,6000
1041,109,5,3,2024-11-29,800,2400
1042,98,1,2,2025-05-04,3500,7000
1043,148,5,1,2025-05-15,800,800
1044,144,3,4,2024-12-18,250,1000
1045,64,1,5,2025-02-08,3500,17500
1046,24,3,2,2025-01-27,250,500
1047,159,5,1,2025-01-24,800,800
1048,94,5,5,2025-01-10,800,4000
1049,16,3,1,2024-12-21,250,250
1050,194,1,5,2025-01-02,3500,17500
1051,78,5,3,2025-01-06,800,2400
1052,139,2,4,2025-05-23,2000,8000
1053,185,5,1,2024-12-06,800,800
1054,104,2,4,2025-05-20,2000,8000
1055,159,4,1,2025-04-28,150,150
1056,45,3,5,2025-02-20,250,1250
1057,61,5,2,2025-03-18,800,1600
1058,143,2,1,2024-12-06,2000,2000
1059,48,4,5,2025-04-04,150,750
1060,141,3,3,2024-12-22,250,750
1061,11,3,2,2025-02-08,250,500
1062,190,4,3,2024-12-08,150,450
1063,102,5,2,2025-05-24,800,1600
1064,142,2,2,2025-03-07,2000,4000
1065,121,4,4,2025-02-23,150,600
1066,111,2,5,2024-11-29,2000,10000
1067,86,4,2,2025-02-09,150,300
1068,197,1,2,2025-04-19,3500,7000
1069,45,3,4,2024-12-19,250,1000
1070,70,5,1,2025-03-12,800,800
1071,67,2,3,2025-04-02,2000,6000
1072,116,3,5,2025-04-25,250,1250
1073,126,3,1,2025-01-31,250,250
1074,86,3,2,2025-03-31,250,500
1075,39,4,2,2025-01-24,150,300
1076,57,2,1,2025-04-19,2000,2000
1077,153,4,5,2025-05-26,150,750
1078,33,1,5,2025-05-21,3500,17500
1079,58,5,4,2024-12-08,800,3200
1080,138,5,2,2024-12-23,800,1600
1081,3,5,3,2025-02-23,800,2400
1082,68,4,5,2025-05-25,150,750
1083,141,3,1,2025-05-23,250,250
1084,8,1,3,2025-02-04,3500,10500
1085,150,5,5,2025-04-12,800,4000
1086,163,4,5,2025-04-03,150,750
1087,41,4,3,2025-04-05,150,450
1088,27,3,5,2025-05-20,250,1250
1089,57,1,2,2025-04-24,3500,7000
1090,97,5,3,2025-04-29,800,2400
1091,72,5,1,2025-04-17,800,800
1092,126,3,4,2025-04-25,250,1000
1093,138,2,1,2024-12-03,2000,2000
1094,66,2,1,2025-03-08,2000,2000
1095,109,5,3,2025-02-25,800,2400
1096,106,1,5,2024-12-19,3500,17500
1097,106,5,1,2025-04-29,800,800
1098,117,3,1,2025-03-10,250,250
1099,166,1,5,2024-12-08,3500,17500
1100,191,3,3,2025-05-25,250,750
1101,143,3,5,2025-04-12,250,1250
1102,141,3,1,2025-01-09,250,250
1103,30,2,1,2025-03-15,2000,2000
1104,58,3,2,2025-02-10,250,500
1105,92,4,4,2025-01-12,150,600
1106,94,5,3,2025-04-07,800,2400
1107,139,3,2,2025-05-27,250,500
1108,120,1,5,2025-01-13,3500,17500
1109,69,3,2,2025-01-24,250,500
1110,1,5,5,2025-04-29,800,4000
1111,29,1,3,2025-03-24,3500,10500
1112,159,1,2,2024-12-06,3500,7000
1113,85,5,2,2025-01-16,800,1600
1114,46,3,3,2025-01-11,250,750
1115,154,4,4,2025-03-01,150,600
1116,174,5,2,2025-04-05,800,1600
1117,49,3,5,2025-04-10,250,1250
1118,165,1,3,2025-02-17,3500,10500
1119,148,4,3,2025-04-20,150,450
1120,161,1,4,2025-03-27,3500,14000
1121,11,3,4,2025-01-29,250,1000
1122,102,2,1,2025-03-24,2000,2000
1123,49,4,5,2025-04-30,150,750
1124,113,3,3,2025-03-12,250,750
1125,42,1,4,2025-04-14,3500,14000
1126,96,4,1,2025-05-20,150,150
1127,82,5,3,2025-01-21,800,2400
1128,179,4,1,2025-03-19,150,150
1129,41,5,2,2025-03-30,800,1600
1130,30,3,5,2025-02-28,250,1250
1131,190,4,3,2024-12-19,150,450
1132,69,5,3,2025-04-02,800,2400
1133,116,2,2,2025-03-17,2000,4000
1134,195,4,4,2025-01-06,150,600
1135,161,2,5,2025-02-11,2000,10000
1136,33,1,3,2025-02-05,3500,10500
1137,141,1,4,2025-02-13,3500,14000
1138,33,5,2,2025-01-26,800,1600
1139,121,1,5,2025-03-19,3500,17500
1140,95,2,3,2025-05-24,2000,6000
1141,182,4,5,2025-03-19,150,750
1142,69,4,5,2025-01-15,150,750
1143,97,1,5,2025-04-25,3500,17500
1144,137,3,3,2025-02-05,250,750
1145,130,2,1,2025-04-02,2000,2000
1146,175,2,3,2025-04-02,2000,6000
1147,51,3,4,2025-03-31,250,1000
1148,199,1,1,2025-02-26,3500,3500
1149,54,4,2,2025-04-08,150,300
1150,34,3,1,2025-03-04,250,250
1151,15,2,5,2025-05-20,2000,10000
1152,63,1,1,2025-01-23,3500,3500
1153,12,3,4,2025-01-02,250,1000
1154,155,1,1,2025-03-20,3500,3500
1155,106,2,4,2025-03-31,2000,8000
1156,134,5,1,2025-04-04,800,800
1157,131,4,4,2024-11-26,150,600
1158,125,5,2,2025-01-21,800,1600
1159,141,1,5,2025-05-27,3500,17500
1160,62,1,5,2025-01-18,3500,17500
1161,139,2,2,2025-01-19,2000,4000
1162,182,4,1,2024-11-27,150,150
1163,6,3,2,2025-05-15,250,500
1164,142,4,2,2025-03-25,150,300
1165,142,5,5,2025-01-13,800,4000
1166,58,4,3,2025-05-23,150,450
1167,140,4,3,2025-05-07,150,450
1168,82,2,1,2024-11-29,2000,2000
1169,123,5,3,2025-01-23,800,2400
1170,177,2,5,2025-02-19,2000,10000
1171,36,5,1,2025-03-09,800,800
1172,75,4,5,2025-05-23,150,750
1173,196,3,3,2025-05-13,250,750
1174,126,3,2,2024-12-31,250,500
1175,174,4,1,2025-04-22,150,150
1176,166,3,5,2025-05-17,250,1250
1177,170,5,5,2025-01-15,800,4000
1178,48,2,1,2025-04-17,2000,2000
1179,126,5,5,2025-01-09,800,4000
1180,78,1,1,2025-04-19,3500,3500
1181,110,1,3,2025-04-13,3500,10500
1182,176,1,2,2025-05-03,3500,7000
1183,80,4,2,2025-02-13,150,300
1184,183,5,2,2025-01-12,800,1600
1185,183,1,1,2025-03-11,3500,3500
1186,39,5,3,2025-02-23,800,2400
1187,10,4,4,2024-12-08,150,600
1188,192,5,3,2025-04-24,800,2400
1189,11,3,4,2025-04-14,250,1000
1190,70,2,3,2025-02-28,2000,6000
1191,151,4,1,2025-01-12,150,150
1192,149,5,1,2024-11-26,800,800
1193,164,1,3,2025-05-25,3500,10500
1194,181,4,1,2024-12-07,150,150
1195,164,3,4,2025-04-17,250,1000
1196,116,1,4,2024-12-10,3500,14000
1197,95,4,4,2025-01-12,150,600
1198,149,4,4,2024-12-14,150,600
1199,145,4,2,2025-05-02,150,300
1200,66,3,2,2025-04-07,250,500
1201,105,1,4,2025-01-28,3500,14000
1202,157,1,1,2025-02-21,3500,3500
1203,113,5,5,2024-12-08,800,4000
1204,92,2,5,2025-03-10,2000,10000
1205,88,1,5,2025-02-13,3500,17500
1206,188,3,3,2024-11-29,250,750
1207,10,2,5,2025-01-17,2000,10000
1208,67,5,4,2025-05-01,800,3200
1209,126,5,2,2025-05-17,800,1600
1210,25,4,1,2025-03-09,150,150
1211,98,3,2,2025-01-28,250,500
1212,97,2,3,2025-05-21,2000,6000
1213,69,2,3,2025-05-25,2000,6000
1214,44,1,5,2024-12-09,3500,17500
1215,198,1,5,2025-01-09,3500,17500
1216,47,4,4,2025-01-10,150,600
1217,131,3,3,2025-01-29,250,750
1218,10,2,2,2025-03-25,2000,4000
1219,38,3,4,2025-04-23,250,1000
1220,56,4,1,2025-01-31,150,150
1221,19,3,1,2024-12-13,250,250
1222,17,2,1,2025-03-30,2000,2000
1223,62,3,4,2025-05-06,250,1000
1224,183,4,4,2025-01-03,150,600
1225,107,4,1,2025-02-12,150,150
1226,85,4,5,2025-05-10,150,750
1227,141,4,2,2025-04-21,150,300
1228,88,5,5,2025-03-15,800,4000
1229,107,4,4,2025-02-24,150,600
1230,156,3,4,2025-02-21,250,1000
1231,30,1,3,2025-03-29,3500,10500
1232,89,2,3,2025-04-18,2000,6000
1233,159,4,2,2024-12-18,150,300
1234,36,2,1,2025-05-05,2000,2000
1235,29,1,3,2025-02-16,3500,10500
1236,57,3,4,2025-05-22,250,1000
1237,8,4,1,2024-12-02,150,150
1238,5,2,5,2025-01-08,2000,10000
1239,66,3,2,2025-04-28,250,500
1240,118,1,5,2025-04-07,3500,17500
1241,111,4,4,2025-04-26,150,600
1242,127,4,3,2025-02-22,150,450
1243,130,5,2,2025-04-28,800,1600
1244,16,2,3,2025-05-16,2000,6000
1245,4,1,2,2025-01-27,3500,7000
1246,89,3,4,2025-05-07,250,1000
1247,113,2,1,2025-04-08,2000,2000
1248,134,5,3,2025-03-28,800,2400
1249,101,3,1,2025-01-29,250,250
1250,104,4,4,2024-12-21,150,600
1251,27,2,4,2024-11-29,2000,8000
1252,85,4,1,2025-05-27,150,150
1253,141,2,4,2024-12-18,2000,8000
1254,92,4,5,2025-05-23,150,750
1255,62,5,3,2025-04-15,800,2400
1256,48,5,5,2025-03-12,800,4000
1257,195,5,3,2025-01-01,800,2400
1258,181,5,5,2025-01-28,800,4000
1259,84,2,2,2025-03-04,2000,4000
1260,109,3,2,2025-04-28,250,500
1261,192,1,3,2025-01-14,3500,10500
1262,40,2,3,2025-04-22,2000,6000
1263,41,2,3,2025-05-07,2000,6000
1264,106,1,2,2025-02-24,3500,7000
1265,43,1,1,2024-12-20,3500,3500
1266,125,2,5,2025-01-02,2000,10000
1267,105,2,3,2025-04-18,2000,6000
1268,38,4,4,2025-03-28,150,600
1269,87,5,3,2025-05-24,800,2400
1270,199,5,1,2025-02-22,800,800
1271,165,1,5,2025-03-21,3500,17500
1272,158,1,4,2024-12-03,3500,14000
1273,157,4,2,2025-01-23,150,300
1274,79,5,4,2025-03-24,800,3200
1275,4,1,5,2025-01-13,3500,17500
1276,1,1,4,2025-05-12,3500,14000
1277,147,4,5,2025-01-01,150,750
1278,160,5,2,2025-02-17,800,1600
1279,181,2,1,2025-01-30,2000,2000
1280,116,5,1,2024-12-13,800,800
1281,161,1,1,2025-03-13,3500,3500
1282,44,2,4,2025-05-03,2000,8000
1283,102,4,4,2024-12-08,150,600
1284,73,4,5,2025-03-08,150,750
1285,121,2,3,2025-05-01,2000,6000
1286,46,4,1,2025-05-11,150,150
1287,69,3,4,2025-01-19,250,1000
1288,99,1,5,2025-04-23,3500,17500
1289,18,3,4,2025-01-01,250,1000
1290,200,5,3,2025-04-10,800,2400
1291,135,1,2,2025-01-27,3500,7000
1292,43,4,3,2025-01-31,150,450
1293,58,3,3,2025-02-28,250,750
1294,132,2,4,2025-03-17,2000,8000
1295,174,3,4,2024-11-27,250,1000
1296,102,2,1,2025-04-28,2000,2000
1297,35,1,1,2025-02-08,3500,3500
1298,12,5,4,2025-05-14,800,3200
1299,84,3,3,2025-02-12,250,750
1300,18,4,2,2025-04-19,150,300
1301,63,2,5,2025-02-28,2000,10000
1302,137,2,4,2024-12-24,2000,8000
1303,61,3,4,2025-02-20,250,1000
1304,84,3,5,2025-04-19,250,1250
1305,117,2,1,2025-01-06,2000,2000
1306,148,1,3,2025-05-14,3500,10500
1307,71,3,5,2025-02-19,250,1250
1308,19,3,1,2025-01-12,250,250
1309,155,4,4,2024-12-01,150,600
1310,174,5,1,2025-03-19,800,800
1311,131,4,2,2024-12-08,150,300
1312,9,2,3,2025-02-25,2000,6000
1313,144,2,5,2025-03-14,2000,10000
1314,8,5,3,2025-01-02,800,2400
1315,89,1,3,2025-04-11,3500,10500
1316,87,3,1,2024-12-16,250,250
1317,76,5,4,2025-02-28,800,3200
1318,74,1,5,2025-02-15,3500,17500
1319,63,1,4,2024-11-29,3500,14000
1320,34,4,1,2025-04-16,150,150
1321,1,4,4,2024-12-18,150,600
1322,131,5,1,2025-04-06,800,800
1323,29,5,1,2025-05-18,800,800
1324,11,1,5,2025-05-16,3500,17500
1325,9,3,3,2025-04-29,250,750
1326,33,2,3,2025-03-22,2000,6000
1327,73,5,3,2025-04-20,800,2400
1328,95,2,1,2025-04-09,2000,2000
1329,101,2,2,2025-04-16,2000,4000
1330,107,2,3,2025-03-29,2000,6000
1331,39,4,1,2025-05-24,150,150
1332,56,1,4,2025-01-21,3500,14000
1333,164,3,5,2025-03-18,250,1250
1334,66,5,2,2025-04-01,800,1600
1335,33,4,1,2025-05-19,150,150
1336,61,2,2,2025-01-30,2000,4000
1337,106,1,3,2025-03-13,3500,10500
1338,100,4,5,2025-05-16,150,750
1339,24,5,4,2025-04-17,800,3200
1340,33,1,3,2025-02-03,3500,10500
1341,77,2,2,2025-03-05,2000,4000
1342,117,2,1,2024-12-03,2000,2000
1343,28,5,4,2025-02-01,800,3200
1344,179,1,1,2025-04-19,3500,3500
1345,42,2,2,2024-12-22,2000,4000
1346,141,3,4,2025-02-14,250,1000
1347,107,5,1,2025-02-03,800,800
1348,105,1,4,2025-01-26,3500,14000
1349,143,3,3,2024-12-10,250,750
1350,38,2,5,2024-12-09,2000,10000
1351,60,2,4,2025-03-23,2000,8000
1352,196,3,4,2025-05-22,250,1000
1353,181,4,1,2024-11-28,150,150
1354,118,3,2,2025-04-06,250,500
1355,105,1,2,2024-12-14,3500,7000
1356,185,4,4,2025-02-25,150,600
1357,99,5,5,2025-01-07,800,4000
1358,143,3,3,2025-05-03,250,750
1359,8,2,2,2025-05-26,2000,4000
1360,93,1,3,2025-03-01,3500,10500
1361,115,4,4,2024-11-27,150,600
1362,164,2,1,2025-05-02,2000,2000
1363,153,4,5,2025-01-23,150,750
1364,78,2,5,2025-01-18,2000,10000
1365,154,3,4,2024-12-04,250,1000
1366,108,4,5,2025-04-23,150,750
1367,26,2,5,2025-05-18,2000,10000
1368,189,2,2,2025-05-23,2000,4000
1369,21,4,5,2024-12-19,150,750
1370,10,3,3,2025-02-22,250,750
1371,74,2,4,2025-01-31,2000,8000
1372,80,5,1,2025-02-05,800,800
1373,103,5,2,2025-03-08,800,1600
1374,20,5,3,2025-03-08,800,2400
1375,60,1,4,2024-11-29,3500,14000
1376,13,3,2,2025-03-01,250,500
1377,159,3,2,2025-03-05,250,500
1378,55,3,2,2025-05-05,250,500
1379,108,3,3,2025-05-02,250,750
1380,31,4,3,2025-02-21,150,450
1381,52,2,2,2024-12-28,2000,4000
1382,69,1,1,2025-03-23,3500,3500
1383,17,4,3,2025-04-22,150,450
1384,128,2,4,2025-04-29,2000,8000
1385,169,2,4,2025-04-23,2000,8000
1386,64,5,3,2025-02-16,800,2400
1387,16,2,3,2025-03-30,2000,6000
1388,78,3,2,2025-01-04,250,500
1389,18,5,2,2025-02-24,800,1600
1390,187,5,3,2025-02-07,800,2400
1391,191,2,5,2025-05-12,2000,10000
1392,34,4,1,2025-03-09,150,150
1393,111,5,5,2025-02-23,800,4000
1394,137,2,3,2025-05-26,2000,6000
1395,100,2,5,2024-12-11,2000,10000
1396,103,1,2,2024-12-04,3500,7000
1397,171,2,3,2025-01-14,2000,6000
1398,174,5,2,2025-03-26,800,1600
1399,108,4,5,2024-12-01,150,750
1400,193,4,4,2025-03-27,150,600
1401,9,5,1,2025-04-17,800,800
1402,194,1,5,2025-05-04,3500,17500
1403,23,3,3,2025-02-04,250,750
1404,174,3,1,2025-03-14,250,250
1405,182,5,1,2024-12-20,800,800
1406,173,2,1,2025-04-07,2000,2000
1407,14,1,1,2025-03-28,3500,3500
1408,149,2,1,2025-05-11,2000,2000
1409,146,5,1,2025-02-13,800,800
1410,35,4,4,2024-12-03,150,600
1411,2,4,5,2025-04-19,150,750
1412,123,4,4,2025-03-22,150,600
1413,139,1,2,2025-05-08,3500,7000
1414,70,2,3,2024-12-17,2000,6000
1415,15,4,1,2025-03-21,150,150
1416,132,3,4,2024-12-16,250,1000
1417,5,4,2,2025-03-31,150,300
1418,132,4,5,2025-03-15,150,750
1419,55,2,5,2025-03-23,2000,10000
1420,12,4,3,2025-03-06,150,450
1421,148,5,5,2024-12-28,800,4000
1422,26,2,1,2024-12-01,2000,2000
1423,162,5,2,2024-12-15,800,1600
1424,162,3,4,2025-02-21,250,1000
1425,61,2,4,2025-04-23,2000,8000
1426,189,5,3,2025-03-22,800,2400
1427,59,2,3,2024-12-22,2000,6000
1428,76,1,5,2025-05-03,3500,17500
1429,82,2,5,2024-12-08,2000,10000
1430,46,1,4,2025-05-13,3500,14000
1431,132,5,5,2025-01-31,800,4000
1432,59,3,3,2025-01-08,250,750
1433,52,1,5,2025-03-26,3500,17500
1434,64,5,3,2025-03-08,800,2400
1435,19,2,3,2025-05-19,2000,6000
1436,58,5,4,2025-03-19,800,3200
1437,152,5,3,2025-05-19,800,2400
1438,67,4,1,2025-02-17,150,150
1439,55,4,1,2024-12-23,150,150
1440,156,3,3,2025-02-18,250,750
1441,48,2,1,2024-11-27,2000,2000
1442,14,4,2,2025-02-02,150,300
1443,177,2,2,2025-05-26,2000,4000
1444,199,3,4,2025-03-01,250,1000
1445,163,1,4,2025-01-02,3500,14000
1446,173,2,2,2025-01-11,2000,4000
1447,152,1,2,2025-02-28,3500,7000
1448,119,5,3,2024-11-27,800,2400
1449,21,4,3,2024-12-11,150,450
1450,184,2,5,2025-05-23,2000,10000
1451,98,4,5,2025-02-15,150,750
1452,181,4,3,2025-04-28,150,450
1453,62,2,3,2025-05-04,2000,6000
1454,112,2,1,2025-01-28,2000,2000
1455,20,5,4,2024-12-16,800,3200
1456,102,1,4,2025-03-29,3500,14000
1457,116,2,3,2025-04-23,2000,6000
1458,46,3,5,2025-03-22,250,1250
1459,105,3,2,2025-01-04,250,500
1460,54,5,3,2025-03-19,800,2400
1461,39,2,4,2025-05-13,2000,8000
1462,14,4,3,2025-02-11,150,450
1463,88,4,1,2024-12-25,150,150
1464,70,3,5,2025-04-04,250,1250
1465,82,2,3,2024-12-04,2000,6000
1466,162,4,1,2025-04-08,150,150
1467,10,2,1,2025-02-12,2000,2000
1468,158,4,4,2025-04-21,150,600
1469,45,2,2,2025-04-05,2000,4000
1470,22,4,1,2025-01-06,150,150
1471,55,4,3,2025-02-16,150,450
1472,105,2,5,2024-12-17,2000,10000
1473,183,5,1,2025-01-20,800,800
1474,44,3,5,2025-03-19,250,1250
1475,123,3,4,2025-05-13,250,1000
1476,176,3,2,2025-02-16,250,500
1477,52,3,2,2025-03-30,250,500
1478,107,2,5,2025-01-29,2000,10000
1479,83,5,5,2025-02-18,800,4000
1480,191,4,4,2024-12-11,150,600
1481,22,2,5,2025-03-05,2000,10000
1482,145,3,4,2025-05-25,250,1000
1483,40,4,5,2024-11-27,150,750
1484,113,2,5,2025-01-15,2000,10000
1485,60,1,4,2025-03-24,3500,14000
1486,40,4,3,2025-04-26,150,450
1487,11,1,5,2024-12-09,3500,17500
1488,136,3,5,2024-12-01,250,1250
1489,140,5,1,2025-05-02,800,800
1490,9,3,3,2025-02-14,250,750
1491,143,5,3,2025-04-06,800,2400
1492,190,4,4,2025-02-13,150,600
1493,53,1,4,2025-02-26,3500,14000
1494,199,4,5,2025-03-21,150,750
1495,102,4,2,2024-12-13,150,300
1496,6,3,2,2025-03-11,250,500
1497,73,2,5,2024-12-18,2000,10000
1498,168,1,3,2025-03-13,3500,10500
1499,6,5,3,2025-04-27,800,2400
1500,127,2,2,2025-05-11,2000,4000
